name          email                         username           password       role,sellerType,city,category

Rekha Gupta   rekhagupta1232@example.com    rekhagupta1232     Rekha@2057     seller,service,,
Pooja Gupta   poojagupta1233@example.com    poojagupta1233     Pooja@5901     seller,service,,
Saanvi Sharma saanvisharma1234@example.com  saanvisharma1234   Saanvi@7373    seller,service,,
Preeti Gupta  preetigupta1235@example.com   preetigupta1235    Preeti@2545    seller,service,,

Swati Iyer    swatiiyer1001@example.com     swatiiyer1001   Swati@8608        seller,shop,Delhi,Grocery
Priya Menon   priyamenon1002@example.com    priyamenon1002  Priya@4369        seller,shop,Delhi,Grocery
Ishaan Verma  ishaanverma1003@example.com   ishaanverma1003 Ishaan@1645       seller,shop,Delhi,Grocery
Sai Kapoor    saikapoor1004@example.com     saikapoor1004   Sai@5651          seller,shop,Delhi,Grocery
Sai Chopra    saichopra1005@example.com     saichopra1005   Sai@4851          seller,shop,Delhi,Grocery


Krishna Desai,krishnadesai1006@example.com,krishnadesai1006,Krishna@6677,seller,shop,Delhi,Grocery
Ishaan Reddy,ishaanreddy1007@example.com,ishaanreddy1007,Ishaan@5029,seller,shop,Delhi,Electronics
Aadhya Nair,aadhyanair1008@example.com,aadhyanair1008,Aadhya@1941,seller,shop,Delhi,Electronics
Krishna Rao,krishnarao1009@example.com,krishnarao1009,Krishna@3616,seller,shop,Delhi,Electronics
Sanjay Joshi,sanjayjoshi1010@example.com,sanjayjoshi1010,Sanjay@1774,seller,shop,Delhi,Electronics
Manoj Rao,manojrao1011@example.com,manojrao1011,Manoj@8369,seller,shop,Delhi,Electronics
Manoj Sharma,manojsharma1012@example.com,manojsharma1012,Manoj@3981,seller,shop,Delhi,Electronics
Sanjay Gupta,sanjaygupta1013@example.com,sanjaygupta1013,Sanjay@6038,seller,shop,Delhi,Medical
Neha Mehta,nehamehta1014@example.com,nehamehta1014,Neha@1991,seller,shop,Delhi,Medical
Manoj Bansal,manojbansal1015@example.com,manojbansal1015,Manoj@5991,seller,shop,Delhi,Medical
Nisha Pillai,nishapillai1016@example.com,nishapillai1016,Nisha@1348,seller,shop,Delhi,Hardware
Kavya Mehta,kavyamehta1017@example.com,kavyamehta1017,Kavya@3888,seller,shop,Delhi,Hardware
Saanvi Kumar,saanvikumar1018@example.com,saanvikumar1018,Saanvi@7334,seller,shop,Delhi,Hardware
Ashok Singh,ashoksingh1019@example.com,ashoksingh1019,Ashok@2178,seller,shop,Delhi,Hardware
Nisha Agarwal,nishaagarwal1020@example.com,nishaagarwal1020,Nisha@6650,seller,shop,Delhi,Fashion
Swati Singh,swatisingh1021@example.com,swatisingh1021,Swati@4919,seller,shop,Delhi,Fashion
Sanjay Patel,sanjaypatel1022@example.com,sanjaypatel1022,Sanjay@8713,seller,shop,Delhi,Fashion
Arjun Iyer,arjuniyer1023@example.com,arjuniyer1023,Arjun@2062,seller,shop,Delhi,Fashion
Swati Kapoor,swatikapoor1024@example.com,swatikapoor1024,Swati@1293,seller,shop,Delhi,Furniture
Sneha Menon,snehamenon1025@example.com,snehamenon1025,Sneha@1889,seller,shop,Delhi,Furniture
Ananya Gupta,ananyagupta1026@example.com,ananyagupta1026,Ananya@5159,seller,shop,Delhi,Furniture
Kiran Kumar,kirankumar1027@example.com,kirankumar1027,Kiran@7887,seller,shop,Delhi,Mobile Store
Neha Verma,nehaverma1028@example.com,nehaverma1028,Neha@8010,seller,shop,Delhi,Mobile Store
Vivaan Mehta,vivaanmehta1029@example.com,vivaanmehta1029,Vivaan@9681,seller,shop,Delhi,Mobile Store
Priya Iyer,priyaiyer1030@example.com,priyaiyer1030,Priya@6106,seller,shop,Delhi,Bakery
Ishaan Agarwal,ishaanagarwal1031@example.com,ishaanagarwal1031,Ishaan@8363,seller,shop,Delhi,Bakery
Riya Rao,riyarao1032@example.com,riyarao1032,Riya@8238,seller,shop,Delhi,Bakery
Rajesh Nair,rajeshnair1033@example.com,rajeshnair1033,Rajesh@5762,seller,shop,Delhi,Bakery
Anil Mehta,anilmehta1034@example.com,anilmehta1034,Anil@3111,seller,shop,Delhi,Bakery
Riya Reddy,riyareddy1035@example.com,riyareddy1035,Riya@7410,seller,shop,Delhi,Paint
Kavya Verma,kavyaverma1036@example.com,kavyaverma1036,Kavya@8785,seller,shop,Delhi,Paint
Kavya Joshi,kavyajoshi1037@example.com,kavyajoshi1037,Kavya@7903,seller,shop,Delhi,Paint
Riya Chopra,riyachopra1038@example.com,riyachopra1038,Riya@1711,seller,shop,Delhi,Other
Sneha Mehta,snehamehta1039@example.com,snehamehta1039,Sneha@9449,seller,shop,Delhi,Other
Kiran Joshi,kiranjoshi1040@example.com,kiranjoshi1040,Kiran@4171,seller,shop,Delhi,Other
Rekha Agarwal,rekhaagarwal1041@example.com,rekhaagarwal1041,Rekha@3260,seller,shop,Mumbai,Grocery
Sanjay Gupta,sanjaygupta1042@example.com,sanjaygupta1042,Sanjay@8897,seller,shop,Mumbai,Grocery
Rajesh Singh,rajeshsingh1043@example.com,rajeshsingh1043,Rajesh@3543,seller,shop,Mumbai,Grocery
Preeti Gupta,preetigupta1044@example.com,preetigupta1044,Preeti@8507,seller,shop,Mumbai,Grocery
Pooja Rao,poojarao1045@example.com,poojarao1045,Pooja@4003,seller,shop,Mumbai,Grocery
Rajesh Reddy,rajeshreddy1046@example.com,rajeshreddy1046,Rajesh@2216,seller,shop,Mumbai,Electronics
Ananya Pillai,ananyapillai1047@example.com,ananyapillai1047,Ananya@7292,seller,shop,Mumbai,Electronics
Kavya Chopra,kavyachopra1048@example.com,kavyachopra1048,Kavya@1964,seller,shop,Mumbai,Electronics
Anil Kapoor,anilkapoor1049@example.com,anilkapoor1049,Anil@4241,seller,shop,Mumbai,Electronics
Rahul Iyer,rahuliyer1050@example.com,rahuliyer1050,Rahul@3818,seller,shop,Mumbai,Medical
Reyansh Nair,reyanshnair1051@example.com,reyanshnair1051,Reyansh@8521,seller,shop,Mumbai,Medical
Rahul Rao,rahulrao1052@example.com,rahulrao1052,Rahul@2059,seller,shop,Mumbai,Medical
Krishna Gupta,krishnagupta1053@example.com,krishnagupta1053,Krishna@8974,seller,shop,Mumbai,Medical
Sai Singh,saisingh1054@example.com,saisingh1054,Sai@3939,seller,shop,Mumbai,Hardware
Rekha Nair,rekhanair1055@example.com,rekhanair1055,Rekha@3546,seller,shop,Mumbai,Hardware
Aarav Bansal,aaravbansal1056@example.com,aaravbansal1056,Aarav@1749,seller,shop,Mumbai,Hardware
Rajesh Sharma,rajeshsharma1057@example.com,rajeshsharma1057,Rajesh@8301,seller,shop,Mumbai,Hardware
Riya Agarwal,riyaagarwal1058@example.com,riyaagarwal1058,Riya@2636,seller,shop,Mumbai,Fashion
Anjali Sharma,anjalisharma1059@example.com,anjalisharma1059,Anjali@9692,seller,shop,Mumbai,Fashion
Saanvi Mehta,saanvimehta1060@example.com,saanvimehta1060,Saanvi@8982,seller,shop,Mumbai,Fashion
Rohan Kapoor,rohankapoor1061@example.com,rohankapoor1061,Rohan@2619,seller,shop,Mumbai,Fashion
Ashok Gupta,ashokgupta1062@example.com,ashokgupta1062,Ashok@5096,seller,shop,Mumbai,Furniture
Anjali Rao,anjalirao1063@example.com,anjalirao1063,Anjali@8401,seller,shop,Mumbai,Furniture
Sneha Kapoor,snehakapoor1064@example.com,snehakapoor1064,Sneha@5928,seller,shop,Mumbai,Furniture
Meera Rao,meerarao1065@example.com,meerarao1065,Meera@8663,seller,shop,Mumbai,Furniture
Sai Agarwal,saiagarwal1066@example.com,saiagarwal1066,Sai@7193,seller,shop,Mumbai,Furniture
Reyansh Rao,reyanshrao1067@example.com,reyanshrao1067,Reyansh@6030,seller,shop,Mumbai,Furniture
Isha Agarwal,ishaagarwal1068@example.com,ishaagarwal1068,Isha@1549,seller,shop,Mumbai,Mobile Store
Suresh Iyer,sureshiyer1069@example.com,sureshiyer1069,Suresh@7861,seller,shop,Mumbai,Mobile Store
Diya Nair,diyanair1070@example.com,diyanair1070,Diya@6285,seller,shop,Mumbai,Mobile Store
Vikram Joshi,vikramjoshi1071@example.com,vikramjoshi1071,Vikram@1622,seller,shop,Mumbai,Mobile Store
Anil Gupta,anilgupta1072@example.com,anilgupta1072,Anil@9437,seller,shop,Mumbai,Mobile Store
Kavya Agarwal,kavyaagarwal1073@example.com,kavyaagarwal1073,Kavya@5455,seller,shop,Mumbai,Bakery
Aditya Agarwal,adityaagarwal1074@example.com,adityaagarwal1074,Aditya@8444,seller,shop,Mumbai,Bakery
Saanvi Chopra,saanvichopra1075@example.com,saanvichopra1075,Saanvi@3120,seller,shop,Mumbai,Bakery
Arjun Iyer,arjuniyer1076@example.com,arjuniyer1076,Arjun@8551,seller,shop,Mumbai,Paint
Diya Reddy,diyareddy1077@example.com,diyareddy1077,Diya@4797,seller,shop,Mumbai,Paint
Priya Nair,priyanair1078@example.com,priyanair1078,Priya@2086,seller,shop,Mumbai,Paint
Riya Chopra,riyachopra1079@example.com,riyachopra1079,Riya@4716,seller,shop,Mumbai,Paint
Aarav Patel,aaravpatel1080@example.com,aaravpatel1080,Aarav@9540,seller,shop,Mumbai,Paint
Ananya Rao,ananyarao1081@example.com,ananyarao1081,Ananya@5772,seller,shop,Mumbai,Paint
Isha Kapoor,ishakapoor1082@example.com,ishakapoor1082,Isha@2544,seller,shop,Mumbai,Other
Aadhya Joshi,aadhyajoshi1083@example.com,aadhyajoshi1083,Aadhya@8134,seller,shop,Mumbai,Other
Kavya Kapoor,kavyakapoor1084@example.com,kavyakapoor1084,Kavya@4356,seller,shop,Mumbai,Other
Priya Joshi,priyajoshi1085@example.com,priyajoshi1085,Priya@3847,seller,shop,Mumbai,Other
Ishaan Joshi,ishaanjoshi1086@example.com,ishaanjoshi1086,Ishaan@5708,seller,shop,Mumbai,Other
Arjun Desai,arjundesai1087@example.com,arjundesai1087,Arjun@3637,seller,shop,Mumbai,Other
Rohan Mehta,rohanmehta1088@example.com,rohanmehta1088,Rohan@3295,seller,shop,Bangalore,Grocery
Aadhya Malhotra,aadhyamalhotra1089@example.com,aadhyamalhotra1089,Aadhya@9070,seller,shop,Bangalore,Grocery
Ananya Sharma,ananyasharma1090@example.com,ananyasharma1090,Ananya@4969,seller,shop,Bangalore,Grocery
Aarav Joshi,aaravjoshi1091@example.com,aaravjoshi1091,Aarav@1499,seller,shop,Bangalore,Grocery
Anjali Pillai,anjalipillai1092@example.com,anjalipillai1092,Anjali@5349,seller,shop,Bangalore,Electronics
Sneha Kumar,snehakumar1093@example.com,snehakumar1093,Sneha@8345,seller,shop,Bangalore,Electronics
Neha Joshi,nehajoshi1094@example.com,nehajoshi1094,Neha@4692,seller,shop,Bangalore,Electronics
Meera Nair,meeranair1095@example.com,meeranair1095,Meera@9463,seller,shop,Bangalore,Electronics
Sneha Joshi,snehajoshi1096@example.com,snehajoshi1096,Sneha@4697,seller,shop,Bangalore,Electronics
Nisha Rao,nisharao1097@example.com,nisharao1097,Nisha@3735,seller,shop,Bangalore,Medical
Anjali Desai,anjalidesai1098@example.com,anjalidesai1098,Anjali@4630,seller,shop,Bangalore,Medical
Rekha Desai,rekhadesai1099@example.com,rekhadesai1099,Rekha@2795,seller,shop,Bangalore,Medical
Rohan Malhotra,rohanmalhotra1100@example.com,rohanmalhotra1100,Rohan@5690,seller,shop,Bangalore,Medical
Rahul Joshi,rahuljoshi1101@example.com,rahuljoshi1101,Rahul@6011,seller,shop,Bangalore,Medical
Manoj Kapoor,manojkapoor1102@example.com,manojkapoor1102,Manoj@8206,seller,shop,Bangalore,Medical
Meera Joshi,meerajoshi1103@example.com,meerajoshi1103,Meera@6479,seller,shop,Bangalore,Hardware
Sneha Patel,snehapatel1104@example.com,snehapatel1104,Sneha@3009,seller,shop,Bangalore,Hardware
Anjali Sharma,anjalisharma1105@example.com,anjalisharma1105,Anjali@6693,seller,shop,Bangalore,Hardware
Anjali Menon,anjalimenon1106@example.com,anjalimenon1106,Anjali@6662,seller,shop,Bangalore,Hardware
Manoj Chopra,manojchopra1107@example.com,manojchopra1107,Manoj@2056,seller,shop,Bangalore,Hardware
Divya Malhotra,divyamalhotra1108@example.com,divyamalhotra1108,Divya@3350,seller,shop,Bangalore,Fashion
Ashok Verma,ashokverma1109@example.com,ashokverma1109,Ashok@7092,seller,shop,Bangalore,Fashion
Anil Chopra,anilchopra1110@example.com,anilchopra1110,Anil@2853,seller,shop,Bangalore,Fashion
Aadhya Nair,aadhyanair1111@example.com,aadhyanair1111,Aadhya@2776,seller,shop,Bangalore,Fashion
Suresh Menon,sureshmenon1112@example.com,sureshmenon1112,Suresh@1121,seller,shop,Bangalore,Fashion
Amit Reddy,amitreddy1113@example.com,amitreddy1113,Amit@8923,seller,shop,Bangalore,Fashion
Nisha Reddy,nishareddy1114@example.com,nishareddy1114,Nisha@8574,seller,shop,Bangalore,Furniture
Sanjay Rao,sanjayrao1115@example.com,sanjayrao1115,Sanjay@8814,seller,shop,Bangalore,Furniture
Preeti Patel,preetipatel1116@example.com,preetipatel1116,Preeti@9786,seller,shop,Bangalore,Furniture
Shalini Joshi,shalinijoshi1117@example.com,shalinijoshi1117,Shalini@2098,seller,shop,Bangalore,Furniture
Swati Desai,swatidesai1118@example.com,swatidesai1118,Swati@6139,seller,shop,Bangalore,Mobile Store
Priya Verma,priyaverma1119@example.com,priyaverma1119,Priya@9373,seller,shop,Bangalore,Mobile Store
Vikram Singh,vikramsingh1120@example.com,vikramsingh1120,Vikram@7885,seller,shop,Bangalore,Mobile Store
Divya Singh,divyasingh1121@example.com,divyasingh1121,Divya@5660,seller,shop,Bangalore,Mobile Store
Pooja Reddy,poojareddy1122@example.com,poojareddy1122,Pooja@6867,seller,shop,Bangalore,Mobile Store
Sanjay Menon,sanjaymenon1123@example.com,sanjaymenon1123,Sanjay@4624,seller,shop,Bangalore,Bakery
Vihaan Agarwal,vihaanagarwal1124@example.com,vihaanagarwal1124,Vihaan@3059,seller,shop,Bangalore,Bakery
Vivaan Gupta,vivaangupta1125@example.com,vivaangupta1125,Vivaan@2850,seller,shop,Bangalore,Bakery
Rahul Gupta,rahulgupta1126@example.com,rahulgupta1126,Rahul@4084,seller,shop,Bangalore,Bakery
Sneha Singh,snehasingh1127@example.com,snehasingh1127,Sneha@5302,seller,shop,Bangalore,Paint
Saanvi Verma,saanviverma1128@example.com,saanviverma1128,Saanvi@2587,seller,shop,Bangalore,Paint
Ananya Chopra,ananyachopra1129@example.com,ananyachopra1129,Ananya@3421,seller,shop,Bangalore,Paint
Anjali Menon,anjalimenon1130@example.com,anjalimenon1130,Anjali@1120,seller,shop,Bangalore,Other
Kavya Joshi,kavyajoshi1131@example.com,kavyajoshi1131,Kavya@8091,seller,shop,Bangalore,Other
Reyansh Singh,reyanshsingh1132@example.com,reyanshsingh1132,Reyansh@2350,seller,shop,Bangalore,Other
Sai Iyer,saiiyer1133@example.com,saiiyer1133,Sai@1137,seller,shop,Pune,Grocery
Isha Verma,ishaverma1134@example.com,ishaverma1134,Isha@2777,seller,shop,Pune,Grocery
Kavya Gupta,kavyagupta1135@example.com,kavyagupta1135,Kavya@6879,seller,shop,Pune,Grocery
Saanvi Agarwal,saanviagarwal1136@example.com,saanviagarwal1136,Saanvi@6218,seller,shop,Pune,Grocery
Saanvi Malhotra,saanvimalhotra1137@example.com,saanvimalhotra1137,Saanvi@3907,seller,shop,Pune,Grocery
Nisha Reddy,nishareddy1138@example.com,nishareddy1138,Nisha@8594,seller,shop,Pune,Electronics
Ashok Singh,ashoksingh1139@example.com,ashoksingh1139,Ashok@6984,seller,shop,Pune,Electronics
Meera Kumar,meerakumar1140@example.com,meerakumar1140,Meera@2369,seller,shop,Pune,Electronics
Kavya Patel,kavyapatel1141@example.com,kavyapatel1141,Kavya@3244,seller,shop,Pune,Electronics
Sneha Rao,sneharao1142@example.com,sneharao1142,Sneha@6357,seller,shop,Pune,Medical
Vikram Patel,vikrampatel1143@example.com,vikrampatel1143,Vikram@6947,seller,shop,Pune,Medical
Rekha Mehta,rekhamehta1144@example.com,rekhamehta1144,Rekha@3266,seller,shop,Pune,Medical
Manoj Iyer,manojiyer1145@example.com,manojiyer1145,Manoj@5764,seller,shop,Pune,Hardware
Rekha Pillai,rekhapillai1146@example.com,rekhapillai1146,Rekha@1353,seller,shop,Pune,Hardware
Aadhya Malhotra,aadhyamalhotra1147@example.com,aadhyamalhotra1147,Aadhya@2323,seller,shop,Pune,Hardware
Anjali Singh,anjalisingh1148@example.com,anjalisingh1148,Anjali@2343,seller,shop,Pune,Hardware
Isha Iyer,ishaiyer1149@example.com,ishaiyer1149,Isha@3209,seller,shop,Pune,Hardware
Vivaan Kapoor,vivaankapoor1150@example.com,vivaankapoor1150,Vivaan@7914,seller,shop,Pune,Fashion
Aadhya Rao,aadhyarao1151@example.com,aadhyarao1151,Aadhya@8153,seller,shop,Pune,Fashion
Neha Gupta,nehagupta1152@example.com,nehagupta1152,Neha@2668,seller,shop,Pune,Fashion
Ishaan Agarwal,ishaanagarwal1153@example.com,ishaanagarwal1153,Ishaan@9923,seller,shop,Pune,Furniture
Divya Iyer,divyaiyer1154@example.com,divyaiyer1154,Divya@8272,seller,shop,Pune,Furniture
Anjali Chopra,anjalichopra1155@example.com,anjalichopra1155,Anjali@8643,seller,shop,Pune,Furniture
Sneha Iyer,snehaiyer1156@example.com,snehaiyer1156,Sneha@7203,seller,shop,Pune,Furniture
Isha Verma,ishaverma1157@example.com,ishaverma1157,Isha@5591,seller,shop,Pune,Furniture
Ishaan Bansal,ishaanbansal1158@example.com,ishaanbansal1158,Ishaan@3712,seller,shop,Pune,Furniture
Vivaan Iyer,vivaaniyer1159@example.com,vivaaniyer1159,Vivaan@7598,seller,shop,Pune,Mobile Store
Priya Mehta,priyamehta1160@example.com,priyamehta1160,Priya@9758,seller,shop,Pune,Mobile Store
Rekha Pillai,rekhapillai1161@example.com,rekhapillai1161,Rekha@6452,seller,shop,Pune,Mobile Store
Vihaan Patel,vihaanpatel1162@example.com,vihaanpatel1162,Vihaan@1606,seller,shop,Pune,Mobile Store
Divya Joshi,divyajoshi1163@example.com,divyajoshi1163,Divya@7068,seller,shop,Pune,Mobile Store
Kiran Menon,kiranmenon1164@example.com,kiranmenon1164,Kiran@2233,seller,shop,Pune,Bakery
Isha Agarwal,ishaagarwal1165@example.com,ishaagarwal1165,Isha@1182,seller,shop,Pune,Bakery
Vihaan Verma,vihaanverma1166@example.com,vihaanverma1166,Vihaan@7000,seller,shop,Pune,Bakery
Krishna Iyer,krishnaiyer1167@example.com,krishnaiyer1167,Krishna@2813,seller,shop,Pune,Bakery
Rekha Verma,rekhaverma1168@example.com,rekhaverma1168,Rekha@8050,seller,shop,Pune,Bakery
Vikram Rao,vikramrao1169@example.com,vikramrao1169,Vikram@8912,seller,shop,Pune,Paint
Anil Iyer,aniliyer1170@example.com,aniliyer1170,Anil@9342,seller,shop,Pune,Paint
Rajesh Singh,rajeshsingh1171@example.com,rajeshsingh1171,Rajesh@3352,seller,shop,Pune,Paint
Krishna Menon,krishnamenon1172@example.com,krishnamenon1172,Krishna@3982,seller,shop,Pune,Paint
Diya Agarwal,diyaagarwal1173@example.com,diyaagarwal1173,Diya@2589,seller,shop,Pune,Other
Aadhya Iyer,aadhyaiyer1174@example.com,aadhyaiyer1174,Aadhya@5105,seller,shop,Pune,Other
Anjali Pillai,anjalipillai1175@example.com,anjalipillai1175,Anjali@8087,seller,shop,Pune,Other
Ashok Patel,ashokpatel1176@example.com,ashokpatel1176,Ashok@9663,seller,shop,Hyderabad,Grocery
Anjali Sharma,anjalisharma1177@example.com,anjalisharma1177,Anjali@3665,seller,shop,Hyderabad,Grocery
Krishna Mehta,krishnamehta1178@example.com,krishnamehta1178,Krishna@4551,seller,shop,Hyderabad,Grocery
Kavya Bansal,kavyabansal1179@example.com,kavyabansal1179,Kavya@7912,seller,shop,Hyderabad,Grocery
Amit Agarwal,amitagarwal1180@example.com,amitagarwal1180,Amit@8192,seller,shop,Hyderabad,Electronics
Preeti Mehta,preetimehta1181@example.com,preetimehta1181,Preeti@9565,seller,shop,Hyderabad,Electronics
Rahul Reddy,rahulreddy1182@example.com,rahulreddy1182,Rahul@2527,seller,shop,Hyderabad,Electronics
Ananya Bansal,ananyabansal1183@example.com,ananyabansal1183,Ananya@4692,seller,shop,Hyderabad,Electronics
Rekha Joshi,rekhajoshi1184@example.com,rekhajoshi1184,Rekha@6233,seller,shop,Hyderabad,Electronics
Vivaan Agarwal,vivaanagarwal1185@example.com,vivaanagarwal1185,Vivaan@5236,seller,shop,Hyderabad,Electronics
Ishaan Kapoor,ishaankapoor1186@example.com,ishaankapoor1186,Ishaan@8309,seller,shop,Hyderabad,Medical
Suresh Rao,sureshrao1187@example.com,sureshrao1187,Suresh@4464,seller,shop,Hyderabad,Medical
Ananya Singh,ananyasingh1188@example.com,ananyasingh1188,Ananya@1141,seller,shop,Hyderabad,Medical
Saanvi Kapoor,saanvikapoor1189@example.com,saanvikapoor1189,Saanvi@9563,seller,shop,Hyderabad,Hardware
Isha Pillai,ishapillai1190@example.com,ishapillai1190,Isha@4171,seller,shop,Hyderabad,Hardware
Suresh Nair,sureshnair1191@example.com,sureshnair1191,Suresh@6356,seller,shop,Hyderabad,Hardware
Kiran Desai,kirandesai1192@example.com,kirandesai1192,Kiran@3108,seller,shop,Hyderabad,Hardware
Manoj Mehta,manojmehta1193@example.com,manojmehta1193,Manoj@6849,seller,shop,Hyderabad,Fashion
Vivaan Kapoor,vivaankapoor1194@example.com,vivaankapoor1194,Vivaan@3559,seller,shop,Hyderabad,Fashion
Riya Sharma,riyasharma1195@example.com,riyasharma1195,Riya@5629,seller,shop,Hyderabad,Fashion
Sanjay Verma,sanjayverma1196@example.com,sanjayverma1196,Sanjay@7956,seller,shop,Hyderabad,Furniture
Deepak Joshi,deepakjoshi1197@example.com,deepakjoshi1197,Deepak@3820,seller,shop,Hyderabad,Furniture
Swati Singh,swatisingh1198@example.com,swatisingh1198,Swati@4831,seller,shop,Hyderabad,Furniture
Riya Menon,riyamenon1199@example.com,riyamenon1199,Riya@8638,seller,shop,Hyderabad,Furniture
Aarav Kumar,aaravkumar1200@example.com,aaravkumar1200,Aarav@4187,seller,shop,Hyderabad,Furniture
Vivaan Kapoor,vivaankapoor1201@example.com,vivaankapoor1201,Vivaan@7849,seller,shop,Hyderabad,Furniture
Isha Menon,ishamenon1202@example.com,ishamenon1202,Isha@4729,seller,shop,Hyderabad,Mobile Store
Anil Reddy,anilreddy1203@example.com,anilreddy1203,Anil@4190,seller,shop,Hyderabad,Mobile Store
Anil Agarwal,anilagarwal1204@example.com,anilagarwal1204,Anil@8205,seller,shop,Hyderabad,Mobile Store
Anjali Patel,anjalipatel1205@example.com,anjalipatel1205,Anjali@1365,seller,shop,Hyderabad,Mobile Store
Sanjay Menon,sanjaymenon1206@example.com,sanjaymenon1206,Sanjay@5036,seller,shop,Hyderabad,Bakery
Anil Rao,anilrao1207@example.com,anilrao1207,Anil@3898,seller,shop,Hyderabad,Bakery
Kiran Pillai,kiranpillai1208@example.com,kiranpillai1208,Kiran@7148,seller,shop,Hyderabad,Bakery
Kiran Patel,kiranpatel1209@example.com,kiranpatel1209,Kiran@5220,seller,shop,Hyderabad,Paint
Reyansh Kumar,reyanshkumar1210@example.com,reyanshkumar1210,Reyansh@6142,seller,shop,Hyderabad,Paint
Suresh Joshi,sureshjoshi1211@example.com,sureshjoshi1211,Suresh@3556,seller,shop,Hyderabad,Paint
Krishna Sharma,krishnasharma1212@example.com,krishnasharma1212,Krishna@8198,seller,shop,Hyderabad,Other
Swati Joshi,swatijoshi1213@example.com,swatijoshi1213,Swati@2057,seller,shop,Hyderabad,Other
Rahul Iyer,rahuliyer1214@example.com,rahuliyer1214,Rahul@4559,seller,shop,Hyderabad,Other
Anil Desai,anildesai1215@example.com,anildesai1215,Anil@6394,seller,shop,Hyderabad,Other
Deepak Gupta,deepakgupta1216@example.com,deepakgupta1216,Deepak@6575,seller,service,,
Rajesh Nair,rajeshnair1217@example.com,rajeshnair1217,Rajesh@7304,seller,service,,
Sai Desai,saidesai1218@example.com,saidesai1218,Sai@4827,seller,service,,
Vikram Reddy,vikramreddy1219@example.com,vikramreddy1219,Vikram@8544,seller,service,,
Sanjay Gupta,sanjaygupta1220@example.com,sanjaygupta1220,Sanjay@1806,seller,service,,
Rahul Agarwal,rahulagarwal1221@example.com,rahulagarwal1221,Rahul@5983,seller,service,,
Rajesh Bansal,rajeshbansal1222@example.com,rajeshbansal1222,Rajesh@3549,seller,service,,
Saanvi Rao,saanvirao1223@example.com,saanvirao1223,Saanvi@7182,seller,service,,
Vivaan Patel,vivaanpatel1224@example.com,vivaanpatel1224,Vivaan@5456,seller,service,,
Divya Agarwal,divyaagarwal1225@example.com,divyaagarwal1225,Divya@4199,seller,service,,
Rekha Joshi,rekhajoshi1226@example.com,rekhajoshi1226,Rekha@7400,seller,service,,
Sneha Sharma,snehasharma1227@example.com,snehasharma1227,Sneha@5813,seller,service,,
Manoj Desai,manojdesai1228@example.com,manojdesai1228,Manoj@2792,seller,service,,
Ishaan Mehta,ishaanmehta1229@example.com,ishaanmehta1229,Ishaan@1737,seller,service,,
Sanjay Agarwal,sanjayagarwal1230@example.com,sanjayagarwal1230,Sanjay@3944,seller,service,,
Krishna Malhotra,krishnamalhotr1231@example.com,krishnamalhotr1231,Krishna@2600,seller,service,,
